Lead Name,Category,Priority,Status,Suggested Contact Channel,Website / Contact Page,Instagram Link,Facebook Link,Google Search Link,IG Search Link,Last Contact Date,Follow-up Date,Notes,Website Link,Best Contact Link
Teatru Salesjan,Community Theatre,Theatre venue,High,Not Contacted,Email / Instagram,https://tsmalta.com/,https://www.instagram.com/tsmalta/,info@tsmalta.com,+356 7799 7000,Free event visibility for a community theatre,"Strong fit: community theatre, outreach, local talent",,https://www.google.com/search?q=+malta,https://www.google.com/search?q=+malta
Salesian Theatre / Oratory Sliema,Community Theatre,Youth/community venue,High,Not Contacted,Email / Facebook,https://tsmalta.com/,https://www.facebook.com/tsmalta/,info@tsmalta.com,+356 7799 7000,Help families discover upcoming theatre/youth events,Same ecosystem as Teatru Salesjan,,https://www.google.com/search?q=+malta,https://www.google.com/search?q=+malta
MADC - Malta Amateur Dramatic Club,Community Theatre,Amateur theatre,High,Not Contacted,Website / Facebook,https://www.madc.com.mt/,https://www.facebook.com/theMADCpage/,,,Help promote amateur productions to new audiences,Oldest amateur dramatic society,,https://www.google.com/search?q=+malta,https://www.google.com/search?q=+malta
Hoi Polloi Malta,Community Theatre,Theatre academy/company,High,Not Contacted,Website / Social,https://www.hoipolloimalta.com/,https://www.google.com/search?q=Hoi+Polloi+Malta+Instagram,,,Promote academy showcases and theatre events,Good youth/performance angle,,https://www.google.com/search?q=+malta,https://www.google.com/search?q=+malta
TAC Theatre,Community Theatre,Theatre production,High,Not Contacted,Website / Social,https://www.tactheatre.com/,https://www.google.com/search?q=TAC+Theatre+Malta+contact,,,List productions and community projects free,"Runs theatre, comedy, musical and community projects",,https://www.google.com/search?q=+malta,https://www.google.com/search?q=+malta
Kinemastik,Community Culture,Film/community screenings,High,Not Contacted,Website / Social,https://www.kinemastik.org/,https://www.google.com/search?q=Kinemastik+Malta+contact,,,Promote screenings and community cultural events,Non-profit/art collective type,,https://www.google.com/search?q=+malta,https://www.google.com/search?q=+malta
Studio 18 Malta,Community Theatre,Youth theatre,High,Not Contacted,Website / Social,https://www.google.com/search?q=Studio+18+Malta+theatre,https://www.google.com/search?q=Studio+18+Malta+Instagram,,,Reach young audiences and parents,Youth theatre company,,https://www.google.com/search?q=+malta,https://www.google.com/search?q=+malta
Opening Doors Association,Inclusion / Arts,Inclusive arts,High,Not Contacted,Website / Social,https://openingdoors.org.mt/,https://www.google.com/search?q=Opening+Doors+Association+Malta+events,,,Promote inclusive arts events free,Strong social-impact fit,,https://www.google.com/search?q=+malta,https://www.google.com/search?q=+malta
Malta Society of Arts,Community Culture,Arts education/events,High,Not Contacted,Website / Social,https://www.artsmalta.org/,https://www.google.com/search?q=Malta+Society+of+Arts+events,,,"Promote talks, exhibitions and courses",Good recurring events,,https://www.google.com/search?q=+malta,https://www.google.com/search?q=+malta
Din l-Art ?elwa,Heritage NGO,Heritage tours/events,High,Not Contacted,Website / Social,https://dinlarthelwa.org/,https://www.google.com/search?q=Din+l-Art+Helwa+events,,,Help promote heritage events/tours,NGO with events,,https://www.google.com/search?q=+malta,https://www.google.com/search?q=+malta
Fondazzjoni Wirt Artna,Heritage NGO,Heritage events,High,Not Contacted,Website / Social,https://www.wirtartna.org/,https://www.google.com/search?q=Fondazzjoni+Wirt+Artna+events,,,List historical talks and site events,Heritage-focused,,https://www.google.com/search?q=+malta,https://www.google.com/search?q=+malta
Malta Libraries,Public Culture,Library events,High,Not Contacted,Website / Social,https://maltalibraries.gov.mt/,https://www.facebook.com/MaltaLibraries/,,,Promote free talks/kids/library events,Great low-budget/community angle,,https://www.google.com/search?q=+malta,https://www.google.com/search?q=+malta
Malta Council for the Voluntary Sector,Voluntary Sector,NGO network,High,Not Contacted,Website / Social,https://maltacvs.org/,https://www.google.com/search?q=Malta+Council+Voluntary+Sector+events,,,Offer free event listing for NGOs,Could unlock many small NGOs,,https://www.google.com/search?q=+malta,https://www.google.com/search?q=+malta
Volunteers Malta,Voluntary Sector,Volunteer events,High,Not Contacted,Website / Social,https://volunteers.mt/,https://www.google.com/search?q=Volunteers+Malta+events,,,Promote volunteer/community events,Good supply source,,https://www.google.com/search?q=+malta,https://www.google.com/search?q=+malta
YMCA Malta,NGO / Community,Youth/community,High,Not Contacted,Website / Social,https://ymcamalta.org/,https://www.google.com/search?q=YMCA+Malta+events,,,List youth and community events,Good target,,https://www.google.com/search?q=+malta,https://www.google.com/search?q=+malta
Malta Girl Guides,Youth Organisation,Youth/community,High,Not Contacted,Website / Social,https://maltagirlguides.com/,https://www.google.com/search?q=Malta+Girl+Guides+events,,,Promote family/youth activities,Youth org,,https://www.google.com/search?q=+malta,https://www.google.com/search?q=+malta
The Scout Association of Malta,Youth Organisation,Youth/community,High,Not Contacted,Website / Social,https://scouts.mt/,https://www.google.com/search?q=Scouts+Malta+events,,,Promote family/community activities,Youth org,,https://www.google.com/search?q=+malta,https://www.google.com/search?q=+malta
?igu?ajg Festival,Family / Culture,Children's arts,High,Not Contacted,Website / Social,https://ziguzajg.org/,https://www.google.com/search?q=ZiguZajg+Malta+contact,,,Promote children's arts events,Very aligned with family discovery,,https://www.google.com/search?q=+malta,https://www.google.com/search?q=+malta
Esplora Interactive Science Centre,Family / Education,Kids workshops,High,Not Contacted,Website / Social,https://esplora.org.mt/,https://www.facebook.com/EsploraMT/,,,Promote family workshops/events,Recurring family events,,https://www.google.com/search?q=+malta,https://www.google.com/search?q=+malta
Nature Trust Malta,Environment NGO,Nature/family events,High,Not Contacted,Website / Social,https://naturetrustmalta.org/,https://www.google.com/search?q=Nature+Trust+Malta+events,,,Promote nature walks and educational events,Great for families,,https://www.google.com/search?q=+malta,https://www.google.com/search?q=+malta
BirdLife Malta,Environment NGO,Nature events,High,Not Contacted,Website / Social,https://birdlifemalta.org/,https://www.google.com/search?q=BirdLife+Malta+events,,,"Promote nature walks, talks and family events",Recurring public activities,,https://www.google.com/search?q=+malta,https://www.google.com/search?q=+malta
Friends of the Earth Malta,Environment NGO,Community workshops,High,Not Contacted,Website / Social,https://foemalta.org/,https://www.google.com/search?q=Friends+of+the+Earth+Malta+events,,,Promote workshops/community events,NGO with events,,https://www.google.com/search?q=+malta,https://www.google.com/search?q=+malta
Majjistral Nature and History Park,Environment / Heritage,Nature events,High,Not Contacted,Website / Social,https://majjistral.org/,https://www.google.com/search?q=Majjistral+Park+events,,,Promote nature walks and community events,Public/nonprofit fit,,https://www.google.com/search?q=+malta,https://www.google.com/search?q=+malta
Gabriel Caruana Foundation,Arts NGO,Art workshops/exhibitions,High,Not Contacted,Website / Social,https://gabrielcaruanafoundation.org/,https://www.google.com/search?q=Gabriel+Caruana+Foundation+events,,,Promote workshops/exhibitions,Strong arts/community angle,,https://www.google.com/search?q=+malta,https://www.google.com/search?q=+malta
Valletta Design Cluster,Community Culture,Design talks/workshops,High,Not Contacted,Website / Social,https://www.vca.gov.mt/en/valletta-design-cluster,https://www.google.com/search?q=Valletta+Design+Cluster+events,,,Promote design talks and community sessions,Recurring programme,,https://www.google.com/search?q=+malta,https://www.google.com/search?q=+malta
A?enzija ?g?a?ag?,Youth Organisation,Youth events,High,Not Contacted,Website / Social,https://youth.gov.mt/,https://www.google.com/search?q=Agenzija+Zghazagh+events,,,Promote youth opportunities/events,Good for youth audience,,https://www.google.com/search?q=+malta,https://www.google.com/search?q=+malta
Local Councils Association Malta,Local Councils,Council network,High,Not Contacted,Website / Social,https://www.lca.org.mt/,https://www.google.com/search?q=Malta+local+councils+events,,,Ask to share free listing with councils,Network leverage,,https://www.google.com/search?q=+malta,https://www.google.com/search?q=+malta
Sliema Local Council,Local Council,Community events,High,Not Contacted,Website / Social,https://sliemalocalcouncil.com/,https://www.google.com/search?q=Sliema+Local+Council+events,,,Promote local community events,Fits Teatru Salesjan area,,https://www.google.com/search?q=+malta,https://www.google.com/search?q=+malta
Valletta Local Council,Local Council,Community events,High,Not Contacted,Website / Social,https://www.google.com/search?q=Valletta+Local+Council+events,https://www.google.com/search?q=Valletta+Local+Council+Facebook,,,Promote local cultural events,High event density,,https://www.google.com/search?q=+malta,https://www.google.com/search?q=+malta
Birgu Local Council,Local Council,Heritage/community events,High,Not Contacted,Website / Social,https://www.google.com/search?q=Birgu+Local+Council+events,https://www.google.com/search?q=Birgu+Local+Council+Facebook,,,Promote heritage/community events,Likely events around Birgufest-type activity,,https://www.google.com/search?q=+malta,https://www.google.com/search?q=+malta
G?aqda Drammatika San Lawrenz,Community Theatre,Gozo amateur theatre,High,Not Contacted,Website / Social,https://www.google.com/search?q=Ghaqda+Drammatika+San+Lawrenz+Gozo,https://www.google.com/search?q=Ghaqda+Drammatika+San+Lawrenz+Facebook,,,Promote village theatre/community productions,Good Salesian-like lead,,https://www.google.com/search?q=+malta,https://www.google.com/search?q=+malta
"The Mill - Art, Culture and Crafts Centre",Community Culture,Arts/exhibitions,High,Not Contacted,Website / Social,https://www.google.com/search?q=The+Mill+Art+Culture+and+Crafts+Centre+Malta,https://www.google.com/search?q=The+Mill+Malta+events,,,Promote small exhibitions/workshops,Verify contact,,https://www.google.com/search?q=+malta,https://www.google.com/search?q=+malta
FM Theatre Productions,Community Theatre,Theatre production,Medium,Not Contacted,Website / Social,https://www.fmt.com.mt/,https://www.google.com/search?q=FM+Theatre+Productions+Malta+contact,,,Extra distribution for local productions,More established; still useful,,https://www.google.com/search?q=+malta,https://www.google.com/search?q=+malta
Teatru Malta,Public Culture,National theatre org,Medium,Not Contacted,Website / Social,https://teatrumalta.org.mt/,https://www.google.com/search?q=Teatru+Malta+contact,,,Include national theatre events and community projects,Public cultural organisation,,https://www.google.com/search?q=+malta,https://www.google.com/search?q=+malta
?finMalta,Public Culture,Dance company,Medium,Not Contacted,Website / Social,https://www.zfinmalta.org/,https://www.google.com/search?q=ZfinMalta+contact,,,Promote dance performances/workshops,National dance company,,https://www.google.com/search?q=+malta,https://www.google.com/search?q=+malta
Malta Philharmonic Orchestra,Public Culture,Music institution,Medium,Not Contacted,Website / Social,https://www.maltaorchestra.com/,https://www.google.com/search?q=Malta+Philharmonic+Orchestra+events,,,List concerts and educational events,Cultural credibility,,https://www.google.com/search?q=+malta,https://www.google.com/search?q=+malta
Spazju Kreattiv,Public Culture,Arts centre,Medium,Not Contacted,Website / Social,https://www.kreattivita.org/,https://www.instagram.com/spazjukreattiv/,,,Help users discover exhibitions/film/talks,Established cultural venue,,https://www.google.com/search?q=+malta,https://www.google.com/search?q=+malta
Pjazza Teatru Rjal,Public Culture,Performance venue,Medium,Not Contacted,Website / Social,https://www.pjazzateatrurjal.mt/,https://www.google.com/search?q=Pjazza+Teatru+Rjal+contact,,,Extra discovery for open-air performances,Major cultural venue,,https://www.google.com/search?q=+malta,https://www.google.com/search?q=+malta
Valletta Cultural Agency,Public Culture,City cultural programme,Medium,Not Contacted,Website / Social,https://www.vca.gov.mt/,https://www.google.com/search?q=Valletta+Cultural+Agency+events,,,Aggregate Valletta cultural events,Runs city programme,,https://www.google.com/search?q=+malta,https://www.google.com/search?q=+malta
Heritage Malta,Public Culture,Museums/events,Medium,Not Contacted,Website / Social,https://heritagemalta.mt/,https://www.google.com/search?q=Heritage+Malta+events,,,Aggregate museum and heritage events,Large but useful for content,,https://www.google.com/search?q=+malta,https://www.google.com/search?q=+malta
Arts Council Malta,Public Culture,Funding/events ecosystem,Medium,Not Contacted,Website / Social,https://artscouncilmalta.gov.mt/,https://www.google.com/search?q=Arts+Council+Malta+events,,,Ask for visibility/partners list,Can surface many smaller orgs,,https://www.google.com/search?q=+malta,https://www.google.com/search?q=+malta
Richmond Foundation Malta,NGO / Community,Wellbeing events,Medium,Not Contacted,Website / Social,https://www.richmond.org.mt/,https://www.google.com/search?q=Richmond+Foundation+Malta+events,,,List wellbeing/community awareness events,NGO,,https://www.google.com/search?q=+malta,https://www.google.com/search?q=+malta
Inspire Malta,NGO / Community,Inclusion/fundraising,Medium,Not Contacted,Website / Social,https://inspire.org.mt/,https://www.google.com/search?q=Inspire+Malta+events,,,Promote fundraising/community events,NGO,,https://www.google.com/search?q=+malta,https://www.google.com/search?q=+malta
Puttinu Cares,NGO / Community,Fundraising events,Medium,Not Contacted,Website / Social,https://puttinucares.org/,https://www.google.com/search?q=Puttinu+Cares+events,,,Promote charity events free,Charity events,,https://www.google.com/search?q=+malta,https://www.google.com/search?q=+malta
Hospice Malta,NGO / Community,Fundraising/community,Medium,Not Contacted,Website / Social,https://hospicemalta.org/,https://www.google.com/search?q=Hospice+Malta+events,,,Promote charity fundraising events,NGO,,https://www.google.com/search?q=+malta,https://www.google.com/search?q=+malta
Fondazzjoni Seb?,NGO / Community,Community support,Medium,Not Contacted,Website / Social,https://sebh.mt/,https://www.google.com/search?q=Fondazzjoni+Sebh+events,,,Promote fundraising/community events,NGO,,https://www.google.com/search?q=+malta,https://www.google.com/search?q=+malta
The Malta Trust Foundation,NGO / Community,Community/fundraising,Medium,Not Contacted,Website / Social,https://maltatrustfoundation.org/,https://www.google.com/search?q=Malta+Trust+Foundation+events,,,Promote community fundraising events,NGO,,https://www.google.com/search?q=+malta,https://www.google.com/search?q=+malta
Playmobil FunPark Malta,Family / Kids,Kids venue,Medium,Not Contacted,Website / Social,https://www.playmobilmalta.com/funpark/,https://www.google.com/search?q=Playmobil+FunPark+Malta+events,,,Promote kids events and family activities,Family audience,,https://www.google.com/search?q=+malta,https://www.google.com/search?q=+malta
Malta National Aquarium,Family / Kids,Family venue,Medium,Not Contacted,Website / Social,https://www.aquarium.com.mt/,https://www.google.com/search?q=Malta+National+Aquarium+events,,,Promote family events/workshops,Family audience,,https://www.google.com/search?q=+malta,https://www.google.com/search?q=+malta
Greenhouse Malta,Community / Sustainability,Workshops/events,Medium,Not Contacted,Website / Social,https://www.google.com/search?q=Greenhouse+Malta+sustainability+events,https://www.google.com/search?q=Greenhouse+Malta+Instagram,,,Promote sustainability community events,Verify before outreach,,https://www.google.com/search?q=+malta,https://www.google.com/search?q=+malta
The Veg Box Malta,Community / Sustainability,Market/workshops,Medium,Not Contacted,Website / Social,https://www.google.com/search?q=The+Veg+Box+Malta+events,https://www.google.com/search?q=The+Veg+Box+Malta+Instagram,,,Promote farm/community events,Verify before outreach,,https://www.google.com/search?q=+malta,https://www.google.com/search?q=+malta
Merill Eco Tours,Eco / Community,Tours/events,Medium,Not Contacted,Website / Social,https://www.merillecotours.com/,https://www.google.com/search?q=Merill+Eco+Tours+events,,,Promote local eco/cultural experiences,Potential paid/SME,,https://www.google.com/search?q=+malta,https://www.google.com/search?q=+malta
MCAST Institute for Creative Arts,Education / Culture,Student events,Medium,Not Contacted,Website / Social,https://www.mcast.edu.mt/,https://www.google.com/search?q=MCAST+creative+arts+events,,,Promote student shows/exhibitions,Education-related events,,https://www.google.com/search?q=+malta,https://www.google.com/search?q=+malta
University of Malta Events,Education / Culture,Talks/events,Medium,Not Contacted,Website / Social,https://www.um.edu.mt/events/,https://www.google.com/search?q=University+of+Malta+events,,,List public talks and cultural events,Broad supply,,https://www.google.com/search?q=+malta,https://www.google.com/search?q=+malta
Floriana Local Council,Local Council,Community events,Medium,Not Contacted,Website / Social,https://www.google.com/search?q=Floriana+Local+Council+events,https://www.google.com/search?q=Floriana+Local+Council+Facebook,,,Promote local cultural/community events,,,https://www.google.com/search?q=+malta,https://www.google.com/search?q=+malta
Birkirkara Local Council,Local Council,Community events,Medium,Not Contacted,Website / Social,https://www.google.com/search?q=Birkirkara+Local+Council+events,https://www.google.com/search?q=Birkirkara+Local+Council+Facebook,,,Promote local events,,,https://www.google.com/search?q=+malta,https://www.google.com/search?q=+malta
Mosta Local Council,Local Council,Community events,Medium,Not Contacted,Website / Social,https://www.google.com/search?q=Mosta+Local+Council+events,https://www.google.com/search?q=Mosta+Local+Council+Facebook,,,Promote local events,,,https://www.google.com/search?q=+malta,https://www.google.com/search?q=+malta
Rabat Local Council,Local Council,Community/heritage events,Medium,Not Contacted,Website / Social,https://www.google.com/search?q=Rabat+Malta+Local+Council+events,https://www.google.com/search?q=Rabat+Malta+Local+Council+Facebook,,,Promote heritage/community events,,,https://www.google.com/search?q=+malta,https://www.google.com/search?q=+malta
Mdina Local Council,Local Council,Heritage events,Medium,Not Contacted,Website / Social,https://www.google.com/search?q=Mdina+Local+Council+events,https://www.google.com/search?q=Mdina+Local+Council+Facebook,,,Promote heritage events,,,https://www.google.com/search?q=+malta,https://www.google.com/search?q=+malta
Bormla Local Council,Local Council,Community events,Medium,Not Contacted,Website / Social,https://www.google.com/search?q=Bormla+Local+Council+events,https://www.google.com/search?q=Bormla+Local+Council+Facebook,,,Promote community events,,,https://www.google.com/search?q=+malta,https://www.google.com/search?q=+malta
Senglea Local Council,Local Council,Community events,Medium,Not Contacted,Website / Social,https://www.google.com/search?q=Senglea+Local+Council+events,https://www.google.com/search?q=Senglea+Local+Council+Facebook,,,Promote community events,,,https://www.google.com/search?q=+malta,https://www.google.com/search?q=+malta
?ejtun Local Council,Local Council,Community events,Medium,Not Contacted,Website / Social,https://www.google.com/search?q=Zejtun+Local+Council+events,https://www.google.com/search?q=Zejtun+Local+Council+Facebook,,,Promote local/community events,,,https://www.google.com/search?q=+malta,https://www.google.com/search?q=+malta
Qormi Local Council,Local Council,Community events,Medium,Not Contacted,Website / Social,https://www.google.com/search?q=Qormi+Local+Council+events,https://www.google.com/search?q=Qormi+Local+Council+Facebook,,,Promote local events,,,https://www.google.com/search?q=+malta,https://www.google.com/search?q=+malta
?abbar Local Council,Local Council,Community events,Medium,Not Contacted,Website / Social,https://www.google.com/search?q=Zabbar+Local+Council+events,https://www.google.com/search?q=Zabbar+Local+Council+Facebook,,,Promote local events,,,https://www.google.com/search?q=+malta,https://www.google.com/search?q=+malta
Marsaskala Local Council,Local Council,Community events,Medium,Not Contacted,Website / Social,https://www.google.com/search?q=Marsaskala+Local+Council+events,https://www.google.com/search?q=Marsaskala+Local+Council+Facebook,,,Promote local/community events,,,https://www.google.com/search?q=+malta,https://www.google.com/search?q=+malta
Mellie?a Local Council,Local Council,Community events,Medium,Not Contacted,Website / Social,https://www.google.com/search?q=Mellieha+Local+Council+events,https://www.google.com/search?q=Mellieha+Local+Council+Facebook,,,Promote local/community events,,,https://www.google.com/search?q=+malta,https://www.google.com/search?q=+malta
Victoria Local Council Gozo,Local Council,Gozo/community events,Medium,Not Contacted,Website / Social,https://www.google.com/search?q=Victoria+Gozo+Local+Council+events,https://www.google.com/search?q=Victoria+Gozo+Local+Council+Facebook,,,Promote Gozo events,,,https://www.google.com/search?q=+malta,https://www.google.com/search?q=+malta
Gozo Cultural Council / Cultural Events,Gozo Culture,Culture/community,Medium,Not Contacted,Website / Social,https://www.google.com/search?q=Gozo+cultural+events+council,https://www.google.com/search?q=Gozo+cultural+events+Facebook,,,Promote Gozo cultural events,Verify best contact,,https://www.google.com/search?q=+malta,https://www.google.com/search?q=+malta
St James Cavalier / Valletta arts groups,Community Culture,Arts venue/ecosystem,Medium,Not Contacted,Website / Social,https://www.kreattivita.org/,https://www.google.com/search?q=St+James+Cavalier+Malta+events,,,Promote cultural events,Same ecosystem as Spazju Kreattiv,,https://www.google.com/search?q=+malta,https://www.google.com/search?q=+malta
Il-?a?ar Museum Gozo,Heritage / Museum,Museum events,Medium,Not Contacted,Website / Social,https://heartofgozo.org.mt/,https://www.google.com/search?q=Il-Hagar+Museum+events,,,Promote talks/exhibitions,Gozo cultural lead,,https://www.google.com/search?q=+malta,https://www.google.com/search?q=+malta
Ta’ Klula Foundation,Community Culture,Gozo arts/community,Medium,Not Contacted,Website / Social,https://www.google.com/search?q=Ta+Klula+Foundation+Gozo+events,https://www.google.com/search?q=Ta+Klula+Foundation+Facebook,,,Promote community arts events,Verify before outreach,,https://www.google.com/search?q=+malta,https://www.google.com/search?q=+malta
The Gozo Youth Wind Band & Orchestra,Community Music,Concerts/community,Medium,Not Contacted,Website / Social,https://www.google.com/search?q=Gozo+Youth+Wind+Band+Orchestra+events,https://www.google.com/search?q=Gozo+Youth+Wind+Band+Facebook,,,Promote local concerts,,,https://www.google.com/search?q=+malta,https://www.google.com/search?q=+malta
La Stella Philharmonic Society,Community Music,Band club/events,Medium,Not Contacted,Website / Social,https://lastella.com.mt/,https://www.google.com/search?q=La+Stella+Philharmonic+Society+events,,,Promote concerts and community events,Gozo,,https://www.google.com/search?q=+malta,https://www.google.com/search?q=+malta
Leone Philharmonic Society,Community Music,Band club/events,Medium,Not Contacted,Website / Social,https://www.leone.org.mt/,https://www.google.com/search?q=Leone+Philharmonic+Society+events,,,Promote concerts and community events,Gozo,,https://www.google.com/search?q=+malta,https://www.google.com/search?q=+malta
King's Own Band Club Valletta,Community Music,Band club/events,Medium,Not Contacted,Website / Social,https://www.google.com/search?q=King%27s+Own+Band+Club+Valletta+events,https://www.google.com/search?q=Kings+Own+Band+Club+Facebook,,,Promote concerts/local events,Band clubs are good local sources,,https://www.google.com/search?q=+malta,https://www.google.com/search?q=+malta
La Valette National Philharmonic Society,Community Music,Band club/events,Medium,Not Contacted,Website / Social,https://www.google.com/search?q=La+Valette+National+Philharmonic+Society+events,https://www.google.com/search?q=La+Valette+Band+Club+Facebook,,,Promote concerts/local events,,,https://www.google.com/search?q=+malta,https://www.google.com/search?q=+malta
Gianpula Village,Nightlife,High,Not Contacted,Instagram/Facebook,https://gianpulavillage.com/,https://www.instagram.com/gianpulavillage_malta/,https://www.facebook.com/gianpulavillagemalta/,https://www.google.com/search?q=Gianpula%20Village%20Malta%20contact,https://www.instagram.com/explore/search/keyword/?q=Gianpula%20Village%20Malta%20Instagram,,,Known recurring nightlife venue; direct links verified,https://www.google.com/search?q=+malta,https://www.google.com/search?q=+malta
UNO Malta,Nightlife,High,Not Contacted,Instagram/Website,https://unomalta.com/,https://www.instagram.com/unomalta/,https://www.facebook.com/unomalta/,https://www.google.com/search?q=UNO%20Malta%20Malta%20contact,https://www.instagram.com/explore/search/keyword/?q=UNO%20Malta%20Malta%20Instagram,,,Known large venue; direct links verified,https://www.google.com/search?q=+malta,https://www.google.com/search?q=+malta
Café del Mar Malta,Nightlife,High,Not Contacted,Instagram/Website,,,,https://www.google.com/search?q=Caf%C3%A9%20del%20Mar%20Malta%20Malta%20contact,https://www.instagram.com/explore/search/keyword/?q=Caf%C3%A9%20del%20Mar%20Malta%20Malta%20Instagram,,,Sunset/music events,https://www.google.com/search?q=+malta,https://www.google.com/search?q=+malta
Sky Club Malta,Nightlife,High,Not Contacted,Instagram/Facebook,,,,https://www.google.com/search?q=Sky%20Club%20Malta%20Malta%20contact,https://www.instagram.com/explore/search/keyword/?q=Sky%20Club%20Malta%20Malta%20Instagram,,,Club/student nights,https://www.google.com/search?q=+malta,https://www.google.com/search?q=+malta
Liquid Club Malta,Nightlife,High,Not Contacted,Instagram/Facebook,,,,https://www.google.com/search?q=Liquid%20Club%20Malta%20Malta%20contact,https://www.instagram.com/explore/search/keyword/?q=Liquid%20Club%20Malta%20Malta%20Instagram,,,Club/electronic music,https://www.google.com/search?q=+malta,https://www.google.com/search?q=+malta
Havana Club Malta,Nightlife,High,Not Contacted,Instagram/Facebook,,,,https://www.google.com/search?q=Havana%20Club%20Malta%20Malta%20contact,https://www.instagram.com/explore/search/keyword/?q=Havana%20Club%20Malta%20Malta%20Instagram,,,Paceville nightlife,https://www.google.com/search?q=+malta,https://www.google.com/search?q=+malta
Footloose Malta,Nightlife,Medium,Not Contacted,Instagram/Facebook,,,,https://www.google.com/search?q=Footloose%20Malta%20Malta%20contact,https://www.instagram.com/explore/search/keyword/?q=Footloose%20Malta%20Malta%20Instagram,,,Paceville nightlife,https://www.google.com/search?q=+malta,https://www.google.com/search?q=+malta
Tigullio Malta,Nightlife,Medium,Not Contacted,Instagram/Facebook,,,,https://www.google.com/search?q=Tigullio%20Malta%20Malta%20contact,https://www.instagram.com/explore/search/keyword/?q=Tigullio%20Malta%20Malta%20Instagram,,,Nightlife / events,https://www.google.com/search?q=+malta,https://www.google.com/search?q=+malta
Native Bar Malta,Nightlife,Medium,Not Contacted,Instagram/Facebook,,,,https://www.google.com/search?q=Native%20Bar%20Malta%20Malta%20contact,https://www.instagram.com/explore/search/keyword/?q=Native%20Bar%20Malta%20Malta%20Instagram,,,Bar/events,https://www.google.com/search?q=+malta,https://www.google.com/search?q=+malta
Shadow Lounge Malta,Nightlife,Medium,Not Contacted,Instagram/Facebook,,,,https://www.google.com/search?q=Shadow%20Lounge%20Malta%20Malta%20contact,https://www.instagram.com/explore/search/keyword/?q=Shadow%20Lounge%20Malta%20Malta%20Instagram,,,Lounge/events,https://www.google.com/search?q=+malta,https://www.google.com/search?q=+malta
Playground Malta,Nightlife,Medium,Not Contacted,Instagram/Facebook,,,,https://www.google.com/search?q=Playground%20Malta%20Malta%20contact,https://www.instagram.com/explore/search/keyword/?q=Playground%20Malta%20Malta%20Instagram,,,Nightlife brand/venue,https://www.google.com/search?q=+malta,https://www.google.com/search?q=+malta
Toy Room Malta,Nightlife,Medium,Not Contacted,Instagram/Facebook,,,,https://www.google.com/search?q=Toy%20Room%20Malta%20Malta%20contact,https://www.instagram.com/explore/search/keyword/?q=Toy%20Room%20Malta%20Malta%20Instagram,,,Nightlife brand/venue,https://www.google.com/search?q=+malta,https://www.google.com/search?q=+malta
Clique Malta,Nightlife,Medium,Not Contacted,Instagram/Facebook,,,,https://www.google.com/search?q=Clique%20Malta%20Malta%20contact,https://www.instagram.com/explore/search/keyword/?q=Clique%20Malta%20Malta%20Instagram,,,Nightlife brand,https://www.google.com/search?q=+malta,https://www.google.com/search?q=+malta
The Thirsty Barber,Nightlife,Medium,Not Contacted,Instagram/Website,,,,https://www.google.com/search?q=The%20Thirsty%20Barber%20Malta%20contact,https://www.instagram.com/explore/search/keyword/?q=The%20Thirsty%20Barber%20Malta%20Instagram,,,Bar/events,https://www.google.com/search?q=+malta,https://www.google.com/search?q=+malta
TwentyTwo Malta,Nightlife,Medium,Not Contacted,Instagram/Facebook,,,,https://www.google.com/search?q=TwentyTwo%20Malta%20Malta%20contact,https://www.instagram.com/explore/search/keyword/?q=TwentyTwo%20Malta%20Malta%20Instagram,,,Club/lounge events,https://www.google.com/search?q=+malta,https://www.google.com/search?q=+malta
Glitch Festival,Festival / Music,High,Not Contacted,Instagram/Website,,,,https://www.google.com/search?q=Glitch%20Festival%20Malta%20contact,https://www.instagram.com/explore/search/keyword/?q=Glitch%20Festival%20Malta%20Instagram,,,Major electronic festival,https://www.google.com/search?q=+malta,https://www.google.com/search?q=+malta
Lost & Found Festival Malta,Festival / Music,High,Not Contacted,Instagram/Website,,,,https://www.google.com/search?q=Lost%20%26%20Found%20Festival%20Malta%20Malta%20contact,https://www.instagram.com/explore/search/keyword/?q=Lost%20%26%20Found%20Festival%20Malta%20Malta%20Instagram,,,Major international festival,https://www.google.com/search?q=+malta,https://www.google.com/search?q=+malta
District Malta,Promoter,High,Not Contacted,Instagram/Facebook,,,,https://www.google.com/search?q=District%20Malta%20Malta%20contact,https://www.instagram.com/explore/search/keyword/?q=District%20Malta%20Malta%20Instagram,,,Event promoter,https://www.google.com/search?q=+malta,https://www.google.com/search?q=+malta
Life Events Malta,Promoter,High,Not Contacted,Instagram/Facebook,,,,https://www.google.com/search?q=Life%20Events%20Malta%20Malta%20contact,https://www.instagram.com/explore/search/keyword/?q=Life%20Events%20Malta%20Malta%20Instagram,,,Promoter,https://www.google.com/search?q=+malta,https://www.google.com/search?q=+malta
G7 Events,Promoter,High,Not Contacted,Instagram/Website,,,,https://www.google.com/search?q=G7%20Events%20Malta%20contact,https://www.instagram.com/explore/search/keyword/?q=G7%20Events%20Malta%20Instagram,,,Major event promoter,https://www.google.com/search?q=+malta,https://www.google.com/search?q=+malta
NnG Promotions,Promoter,Medium,Not Contacted,Facebook/Instagram,,,,https://www.google.com/search?q=NnG%20Promotions%20Malta%20contact,https://www.instagram.com/explore/search/keyword/?q=NnG%20Promotions%20Malta%20Instagram,,,Music/promoter,https://www.google.com/search?q=+malta,https://www.google.com/search?q=+malta
Wicked & Loud,Promoter,Medium,Not Contacted,Instagram/Facebook,,,,https://www.google.com/search?q=Wicked%20%26%20Loud%20Malta%20contact,https://www.instagram.com/explore/search/keyword/?q=Wicked%20%26%20Loud%20Malta%20Instagram,,,Promoter,https://www.google.com/search?q=+malta,https://www.google.com/search?q=+malta
Boiler Malta,Promoter,Medium,Not Contacted,Instagram/Facebook,,,,https://www.google.com/search?q=Boiler%20Malta%20Malta%20contact,https://www.instagram.com/explore/search/keyword/?q=Boiler%20Malta%20Malta%20Instagram,,,Event brand,https://www.google.com/search?q=+malta,https://www.google.com/search?q=+malta
Sunny Side Up Malta,Promoter,Medium,Not Contacted,Instagram/Facebook,,,,https://www.google.com/search?q=Sunny%20Side%20Up%20Malta%20Malta%20contact,https://www.instagram.com/explore/search/keyword/?q=Sunny%20Side%20Up%20Malta%20Malta%20Instagram,,,Day party promoter,https://www.google.com/search?q=+malta,https://www.google.com/search?q=+malta
Malta Party Squad,Promoter,Medium,Not Contacted,Instagram/Facebook,,,,https://www.google.com/search?q=Malta%20Party%20Squad%20Malta%20contact,https://www.instagram.com/explore/search/keyword/?q=Malta%20Party%20Squad%20Malta%20Instagram,,,Party brand,https://www.google.com/search?q=+malta,https://www.google.com/search?q=+malta
Island Events Malta,Promoter,Medium,Not Contacted,Instagram/Facebook,,,,https://www.google.com/search?q=Island%20Events%20Malta%20Malta%20contact,https://www.instagram.com/explore/search/keyword/?q=Island%20Events%20Malta%20Malta%20Instagram,,,Event organiser,https://www.google.com/search?q=+malta,https://www.google.com/search?q=+malta
Sound Salon Malta,Promoter,Medium,Not Contacted,Instagram/Facebook,,,,https://www.google.com/search?q=Sound%20Salon%20Malta%20Malta%20contact,https://www.instagram.com/explore/search/keyword/?q=Sound%20Salon%20Malta%20Malta%20Instagram,,,Music/community,https://www.google.com/search?q=+malta,https://www.google.com/search?q=+malta
Esplora Interactive Science Centre,Family / Kids,High,Not Contacted,Website/Facebook,,,,https://www.google.com/search?q=Esplora%20Interactive%20Science%20Centre%20Malta%20contact,https://www.instagram.com/explore/search/keyword/?q=Esplora%20Interactive%20Science%20Centre%20Malta%20Instagram,,,Family workshops/events,https://www.google.com/search?q=+malta,https://www.google.com/search?q=+malta
Malta National Aquarium,Family / Kids,High,Not Contacted,Website/Facebook,,,,https://www.google.com/search?q=Malta%20National%20Aquarium%20Malta%20contact,https://www.instagram.com/explore/search/keyword/?q=Malta%20National%20Aquarium%20Malta%20Instagram,,,Family venue/events,https://www.google.com/search?q=+malta,https://www.google.com/search?q=+malta
Playmobil FunPark Malta,Family / Kids,High,Not Contacted,Website/Facebook,,,,https://www.google.com/search?q=Playmobil%20FunPark%20Malta%20Malta%20contact,https://www.instagram.com/explore/search/keyword/?q=Playmobil%20FunPark%20Malta%20Malta%20Instagram,,,Family venue,https://www.google.com/search?q=+malta,https://www.google.com/search?q=+malta
Malta National Museum of Natural History,Family / Kids,Medium,Not Contacted,Website/Facebook,,,,https://www.google.com/search?q=Malta%20National%20Museum%20of%20Natural%20History%20Malta%20contact,https://www.instagram.com/explore/search/keyword/?q=Malta%20National%20Museum%20of%20Natural%20History%20Malta%20Instagram,,,Family/culture,https://www.google.com/search?q=+malta,https://www.google.com/search?q=+malta
Malta Libraries Events,Family / Kids,High,Not Contacted,Facebook/Website,,,,https://www.google.com/search?q=Malta%20Libraries%20Events%20Malta%20contact,https://www.instagram.com/explore/search/keyword/?q=Malta%20Libraries%20Events%20Malta%20Instagram,,,Free recurring events,https://www.google.com/search?q=+malta,https://www.google.com/search?q=+malta
Little Explorers Malta,Family / Kids,Medium,Not Contacted,Instagram/Facebook,,,,https://www.google.com/search?q=Little%20Explorers%20Malta%20Malta%20contact,https://www.instagram.com/explore/search/keyword/?q=Little%20Explorers%20Malta%20Malta%20Instagram,,,Kids activities,https://www.google.com/search?q=+malta,https://www.google.com/search?q=+malta
Mini Professors Malta,Family / Kids,Medium,Not Contacted,Facebook/Instagram,,,,https://www.google.com/search?q=Mini%20Professors%20Malta%20Malta%20contact,https://www.instagram.com/explore/search/keyword/?q=Mini%20Professors%20Malta%20Malta%20Instagram,,,Kids learning/events,https://www.google.com/search?q=+malta,https://www.google.com/search?q=+malta
Malta Girl Guides,Family / Kids,Medium,Not Contacted,Website/Facebook,,,,https://www.google.com/search?q=Malta%20Girl%20Guides%20Malta%20contact,https://www.instagram.com/explore/search/keyword/?q=Malta%20Girl%20Guides%20Malta%20Instagram,,,Youth/community,https://www.google.com/search?q=+malta,https://www.google.com/search?q=+malta
Scouts Malta,Family / Kids,Medium,Not Contacted,Website/Facebook,,,,https://www.google.com/search?q=Scouts%20Malta%20Malta%20contact,https://www.instagram.com/explore/search/keyword/?q=Scouts%20Malta%20Malta%20Instagram,,,Youth/community,https://www.google.com/search?q=+malta,https://www.google.com/search?q=+malta
Kidz World Malta,Family / Kids,Medium,Not Contacted,Facebook/Instagram,,,,https://www.google.com/search?q=Kidz%20World%20Malta%20Malta%20contact,https://www.instagram.com/explore/search/keyword/?q=Kidz%20World%20Malta%20Malta%20Instagram,,,Kids activities,https://www.google.com/search?q=+malta,https://www.google.com/search?q=+malta
Malta Toy Library,Family / Kids,Medium,Not Contacted,Facebook/Instagram,,,,https://www.google.com/search?q=Malta%20Toy%20Library%20Malta%20contact,https://www.instagram.com/explore/search/keyword/?q=Malta%20Toy%20Library%20Malta%20Instagram,,,Family community,https://www.google.com/search?q=+malta,https://www.google.com/search?q=+malta
Eden Cinemas Kids Club,Family / Kids,Medium,Not Contacted,Website/Facebook,,,,https://www.google.com/search?q=Eden%20Cinemas%20Kids%20Club%20Malta%20contact,https://www.instagram.com/explore/search/keyword/?q=Eden%20Cinemas%20Kids%20Club%20Malta%20Instagram,,,Kids cinema events,https://www.google.com/search?q=+malta,https://www.google.com/search?q=+malta
Spazju Kreattiv,Culture / Arts,High,Not Contacted,Website/Instagram,,,,https://www.google.com/search?q=Spazju%20Kreattiv%20Malta%20contact,https://www.instagram.com/explore/search/keyword/?q=Spazju%20Kreattiv%20Malta%20Instagram,,,Arts venue/events,https://www.google.com/search?q=+malta,https://www.google.com/search?q=+malta
Teatru Manoel,Culture / Arts,High,Not Contacted,Website/Instagram,,,,https://www.google.com/search?q=Teatru%20Manoel%20Malta%20contact,https://www.instagram.com/explore/search/keyword/?q=Teatru%20Manoel%20Malta%20Instagram,,,Theatre/performance,https://www.google.com/search?q=+malta,https://www.google.com/search?q=+malta
Malta International Arts Festival,Culture / Arts,High,Not Contacted,Website/Facebook,,,,https://www.google.com/search?q=Malta%20International%20Arts%20Festival%20Malta%20contact,https://www.instagram.com/explore/search/keyword/?q=Malta%20International%20Arts%20Festival%20Malta%20Instagram,,,Festival,https://www.google.com/search?q=+malta,https://www.google.com/search?q=+malta
Notte Bianca,Culture / Arts,High,Not Contacted,Website/Facebook,,,,https://www.google.com/search?q=Notte%20Bianca%20Malta%20contact,https://www.instagram.com/explore/search/keyword/?q=Notte%20Bianca%20Malta%20Instagram,,,Festival,https://www.google.com/search?q=+malta,https://www.google.com/search?q=+malta
Valletta Cultural Agency,Culture / Arts,High,Not Contacted,Website/Facebook,,,,https://www.google.com/search?q=Valletta%20Cultural%20Agency%20Malta%20contact,https://www.instagram.com/explore/search/keyword/?q=Valletta%20Cultural%20Agency%20Malta%20Instagram,,,City events,https://www.google.com/search?q=+malta,https://www.google.com/search?q=+malta
?finMalta,Culture / Arts,Medium,Not Contacted,Website/Instagram,,,,https://www.google.com/search?q=%C5%BBfinMalta%20Malta%20contact,https://www.instagram.com/explore/search/keyword/?q=%C5%BBfinMalta%20Malta%20Instagram,,,Dance company/events,https://www.google.com/search?q=+malta,https://www.google.com/search?q=+malta
Malta Philharmonic Orchestra,Culture / Arts,Medium,Not Contacted,Website/Facebook,,,,https://www.google.com/search?q=Malta%20Philharmonic%20Orchestra%20Malta%20contact,https://www.instagram.com/explore/search/keyword/?q=Malta%20Philharmonic%20Orchestra%20Malta%20Instagram,,,Concerts,https://www.google.com/search?q=+malta,https://www.google.com/search?q=+malta
MCAST Institute for the Creative Arts,Culture / Arts,Medium,Not Contacted,Website/Facebook,,,,https://www.google.com/search?q=MCAST%20Institute%20for%20the%20Creative%20Arts%20Malta%20contact,https://www.instagram.com/explore/search/keyword/?q=MCAST%20Institute%20for%20the%20Creative%20Arts%20Malta%20Instagram,,,Student/public events,https://www.google.com/search?q=+malta,https://www.google.com/search?q=+malta
University of Malta Events,Culture / Arts,Medium,Not Contacted,Website/Facebook,,,,https://www.google.com/search?q=University%20of%20Malta%20Events%20Malta%20contact,https://www.instagram.com/explore/search/keyword/?q=University%20of%20Malta%20Events%20Malta%20Instagram,,,Lectures/culture/community,https://www.google.com/search?q=+malta,https://www.google.com/search?q=+malta
In Guardia Parade Malta,Culture / Arts,Medium,Not Contacted,Website/Facebook,,,,https://www.google.com/search?q=In%20Guardia%20Parade%20Malta%20Malta%20contact,https://www.instagram.com/explore/search/keyword/?q=In%20Guardia%20Parade%20Malta%20Malta%20Instagram,,,Historical event,https://www.google.com/search?q=+malta,https://www.google.com/search?q=+malta
Teatru Salesjan,Culture / Arts,Medium,Not Contacted,Website/Facebook,,,,https://www.google.com/search?q=Teatru%20Salesjan%20Malta%20contact,https://www.instagram.com/explore/search/keyword/?q=Teatru%20Salesjan%20Malta%20Instagram,,,Theatre/community,https://www.google.com/search?q=+malta,https://www.google.com/search?q=+malta
Valletta Contemporary,Culture / Arts,Medium,Not Contacted,Website/Instagram,,,,https://www.google.com/search?q=Valletta%20Contemporary%20Malta%20contact,https://www.instagram.com/explore/search/keyword/?q=Valletta%20Contemporary%20Malta%20Instagram,,,Gallery/exhibitions,https://www.google.com/search?q=+malta,https://www.google.com/search?q=+malta
Malta International Food Festival,Food / Markets,High,Not Contacted,Website/Instagram,https://www.maltainternationalfoodfestival.com/,https://www.instagram.com/maltainternationalfoodfestival/,,https://www.google.com/search?q=Malta%20International%20Food%20Festival%20Malta%20contact,https://www.instagram.com/explore/search/keyword/?q=Malta%20International%20Food%20Festival%20Malta%20Instagram,,,Official links verified,https://www.google.com/search?q=+malta,https://www.google.com/search?q=+malta
Is-Suq tal-Belt,Food / Markets,High,Not Contacted,Instagram/Website,,,,https://www.google.com/search?q=Is-Suq%20tal-Belt%20Malta%20contact,https://www.instagram.com/explore/search/keyword/?q=Is-Suq%20tal-Belt%20Malta%20Instagram,,,Food hall events,https://www.google.com/search?q=+malta,https://www.google.com/search?q=+malta
Farmers Market Ta' Qali,Food / Markets,Medium,Not Contacted,Facebook/Google,,,,https://www.google.com/search?q=Farmers%20Market%20Ta%27%20Qali%20Malta%20contact,https://www.instagram.com/explore/search/keyword/?q=Farmers%20Market%20Ta%27%20Qali%20Malta%20Instagram,,,Weekly market,https://www.google.com/search?q=+malta,https://www.google.com/search?q=+malta
Birgu Market Events,Food / Markets,Medium,Not Contacted,Facebook/Google,,,,https://www.google.com/search?q=Birgu%20Market%20Events%20Malta%20contact,https://www.instagram.com/explore/search/keyword/?q=Birgu%20Market%20Events%20Malta%20Instagram,,,Market/local events,https://www.google.com/search?q=+malta,https://www.google.com/search?q=+malta
Marsaxlokk Market,Food / Markets,Medium,Not Contacted,Facebook/Google,,,,https://www.google.com/search?q=Marsaxlokk%20Market%20Malta%20contact,https://www.instagram.com/explore/search/keyword/?q=Marsaxlokk%20Market%20Malta%20Instagram,,,Tourist/local market,https://www.google.com/search?q=+malta,https://www.google.com/search?q=+malta
Wine Events Malta,Food / Markets,Medium,Not Contacted,Instagram/Facebook,,,,https://www.google.com/search?q=Wine%20Events%20Malta%20Malta%20contact,https://www.instagram.com/explore/search/keyword/?q=Wine%20Events%20Malta%20Malta%20Instagram,,,Wine events,https://www.google.com/search?q=+malta,https://www.google.com/search?q=+malta
The Farsons Beer Festival,Food / Markets,High,Not Contacted,Website/Facebook,,,,https://www.google.com/search?q=The%20Farsons%20Beer%20Festival%20Malta%20contact,https://www.instagram.com/explore/search/keyword/?q=The%20Farsons%20Beer%20Festival%20Malta%20Instagram,,,Major recurring festival,https://www.google.com/search?q=+malta,https://www.google.com/search?q=+malta
Food Truck Malta,Food / Markets,Medium,Not Contacted,Facebook/Instagram,,,,https://www.google.com/search?q=Food%20Truck%20Malta%20Malta%20contact,https://www.instagram.com/explore/search/keyword/?q=Food%20Truck%20Malta%20Malta%20Instagram,,,Food truck/events,https://www.google.com/search?q=+malta,https://www.google.com/search?q=+malta
Night Markets Malta,Food / Markets,Medium,Not Contacted,Facebook/Instagram,,,,https://www.google.com/search?q=Night%20Markets%20Malta%20Malta%20contact,https://www.instagram.com/explore/search/keyword/?q=Night%20Markets%20Malta%20Malta%20Instagram,,,Markets,https://www.google.com/search?q=+malta,https://www.google.com/search?q=+malta
Malta Artisan Markets,Food / Markets,Medium,Not Contacted,Instagram/Facebook,,,,https://www.google.com/search?q=Malta%20Artisan%20Markets%20Malta%20contact,https://www.instagram.com/explore/search/keyword/?q=Malta%20Artisan%20Markets%20Malta%20Instagram,,,Craft/market events,https://www.google.com/search?q=+malta,https://www.google.com/search?q=+malta
Eco Market Malta,Food / Markets,Medium,Not Contacted,Website/Facebook,,,,https://www.google.com/search?q=Eco%20Market%20Malta%20Malta%20contact,https://www.instagram.com/explore/search/keyword/?q=Eco%20Market%20Malta%20Malta%20Instagram,,,Market/events,https://www.google.com/search?q=+malta,https://www.google.com/search?q=+malta
Pjazza Tritoni Events,Food / Markets,Medium,Not Contacted,Facebook/Google,,,,https://www.google.com/search?q=Pjazza%20Tritoni%20Events%20Malta%20contact,https://www.instagram.com/explore/search/keyword/?q=Pjazza%20Tritoni%20Events%20Malta%20Instagram,,,Seasonal markets/events,https://www.google.com/search?q=+malta,https://www.google.com/search?q=+malta
Yoga Malta Community,Fitness / Wellness,Medium,Not Contacted,Facebook/Instagram,,,,https://www.google.com/search?q=Yoga%20Malta%20Community%20Malta%20contact,https://www.instagram.com/explore/search/keyword/?q=Yoga%20Malta%20Community%20Malta%20Instagram,,,Community events,https://www.google.com/search?q=+malta,https://www.google.com/search?q=+malta
Hot Yoga Malta,Fitness / Wellness,Medium,Not Contacted,Website/Instagram,,,,https://www.google.com/search?q=Hot%20Yoga%20Malta%20Malta%20contact,https://www.instagram.com/explore/search/keyword/?q=Hot%20Yoga%20Malta%20Malta%20Instagram,,,Wellness classes,https://www.google.com/search?q=+malta,https://www.google.com/search?q=+malta
Malta Yoga Festival,Fitness / Wellness,High,Not Contacted,Website/Instagram,,,,https://www.google.com/search?q=Malta%20Yoga%20Festival%20Malta%20contact,https://www.instagram.com/explore/search/keyword/?q=Malta%20Yoga%20Festival%20Malta%20Instagram,,,Festival,https://www.google.com/search?q=+malta,https://www.google.com/search?q=+malta
Run Malta,Fitness / Wellness,High,Not Contacted,Website/Facebook,,,,https://www.google.com/search?q=Run%20Malta%20Malta%20contact,https://www.instagram.com/explore/search/keyword/?q=Run%20Malta%20Malta%20Instagram,,,Running events,https://www.google.com/search?q=+malta,https://www.google.com/search?q=+malta
Malta Marathon,Fitness / Wellness,High,Not Contacted,Website/Facebook,,,,https://www.google.com/search?q=Malta%20Marathon%20Malta%20contact,https://www.instagram.com/explore/search/keyword/?q=Malta%20Marathon%20Malta%20Instagram,,,Annual race,https://www.google.com/search?q=+malta,https://www.google.com/search?q=+malta
Bootcamp Malta,Fitness / Wellness,Medium,Not Contacted,Facebook/Instagram,,,,https://www.google.com/search?q=Bootcamp%20Malta%20Malta%20contact,https://www.instagram.com/explore/search/keyword/?q=Bootcamp%20Malta%20Malta%20Instagram,,,Recurring fitness,https://www.google.com/search?q=+malta,https://www.google.com/search?q=+malta
Beach Fitness Malta,Fitness / Wellness,Medium,Not Contacted,Instagram/Facebook,,,,https://www.google.com/search?q=Beach%20Fitness%20Malta%20Malta%20contact,https://www.instagram.com/explore/search/keyword/?q=Beach%20Fitness%20Malta%20Malta%20Instagram,,,Outdoor fitness,https://www.google.com/search?q=+malta,https://www.google.com/search?q=+malta
CrossFit Malta,Fitness / Wellness,Medium,Not Contacted,Website/Instagram,,,,https://www.google.com/search?q=CrossFit%20Malta%20Malta%20contact,https://www.instagram.com/explore/search/keyword/?q=CrossFit%20Malta%20Malta%20Instagram,,,Fitness events,https://www.google.com/search?q=+malta,https://www.google.com/search?q=+malta
Meditation Malta,Fitness / Wellness,Medium,Not Contacted,Facebook/Instagram,,,,https://www.google.com/search?q=Meditation%20Malta%20Malta%20contact,https://www.instagram.com/explore/search/keyword/?q=Meditation%20Malta%20Malta%20Instagram,,,Wellness events,https://www.google.com/search?q=+malta,https://www.google.com/search?q=+malta
Wellness Weekend Malta,Fitness / Wellness,Medium,Not Contacted,Facebook/Instagram,,,,https://www.google.com/search?q=Wellness%20Weekend%20Malta%20Malta%20contact,https://www.instagram.com/explore/search/keyword/?q=Wellness%20Weekend%20Malta%20Malta%20Instagram,,,Wellness events,https://www.google.com/search?q=+malta,https://www.google.com/search?q=+malta
Malta Triathlon Federation,Fitness / Wellness,Medium,Not Contacted,Website/Facebook,,,,https://www.google.com/search?q=Malta%20Triathlon%20Federation%20Malta%20contact,https://www.instagram.com/explore/search/keyword/?q=Malta%20Triathlon%20Federation%20Malta%20Instagram,,,Sports events,https://www.google.com/search?q=+malta,https://www.google.com/search?q=+malta
Malta Mountain Bike Association,Fitness / Wellness,Medium,Not Contacted,Website/Facebook,,,,https://www.google.com/search?q=Malta%20Mountain%20Bike%20Association%20Malta%20contact,https://www.instagram.com/explore/search/keyword/?q=Malta%20Mountain%20Bike%20Association%20Malta%20Instagram,,,Sports community,https://www.google.com/search?q=+malta,https://www.google.com/search?q=+malta
Hard Rock Cafe Malta,Live Music / Bars,High,Not Contacted,Website/Instagram,,,,https://www.google.com/search?q=Hard%20Rock%20Cafe%20Malta%20Malta%20contact,https://www.instagram.com/explore/search/keyword/?q=Hard%20Rock%20Cafe%20Malta%20Malta%20Instagram,,,Live music/events,https://www.google.com/search?q=+malta,https://www.google.com/search?q=+malta
The Pub Valletta,Live Music / Bars,Medium,Not Contacted,Facebook/Google,,,,https://www.google.com/search?q=The%20Pub%20Valletta%20Malta%20contact,https://www.instagram.com/explore/search/keyword/?q=The%20Pub%20Valletta%20Malta%20Instagram,,,Bar/events,https://www.google.com/search?q=+malta,https://www.google.com/search?q=+malta
Casey's Bar,Live Music / Bars,Medium,Not Contacted,Facebook/Instagram,,,,https://www.google.com/search?q=Casey%27s%20Bar%20Malta%20contact,https://www.instagram.com/explore/search/keyword/?q=Casey%27s%20Bar%20Malta%20Instagram,,,Bar/events,https://www.google.com/search?q=+malta,https://www.google.com/search?q=+malta
Maori Bar,Live Music / Bars,Medium,Not Contacted,Facebook/Instagram,,,,https://www.google.com/search?q=Maori%20Bar%20Malta%20contact,https://www.instagram.com/explore/search/keyword/?q=Maori%20Bar%20Malta%20Instagram,,,Live music/bar,https://www.google.com/search?q=+malta,https://www.google.com/search?q=+malta
Offbeat Music Bar,Live Music / Bars,High,Not Contacted,Facebook/Instagram,,,,https://www.google.com/search?q=Offbeat%20Music%20Bar%20Malta%20contact,https://www.instagram.com/explore/search/keyword/?q=Offbeat%20Music%20Bar%20Malta%20Instagram,,,Live music venue,https://www.google.com/search?q=+malta,https://www.google.com/search?q=+malta
Storeroom Malta,Live Music / Bars,High,Not Contacted,Facebook/Instagram,,,,https://www.google.com/search?q=Storeroom%20Malta%20Malta%20contact,https://www.instagram.com/explore/search/keyword/?q=Storeroom%20Malta%20Malta%20Instagram,,,Live music venue,https://www.google.com/search?q=+malta,https://www.google.com/search?q=+malta
The Garage Malta,Live Music / Bars,High,Not Contacted,Facebook/Instagram,,,,https://www.google.com/search?q=The%20Garage%20Malta%20Malta%20contact,https://www.instagram.com/explore/search/keyword/?q=The%20Garage%20Malta%20Malta%20Instagram,,,Live music venue,https://www.google.com/search?q=+malta,https://www.google.com/search?q=+malta
Zion Bar Marsaskala,Live Music / Bars,High,Not Contacted,Facebook/Instagram,,,,https://www.google.com/search?q=Zion%20Bar%20Marsaskala%20Malta%20contact,https://www.instagram.com/explore/search/keyword/?q=Zion%20Bar%20Marsaskala%20Malta%20Instagram,,,Live music/events,https://www.google.com/search?q=+malta,https://www.google.com/search?q=+malta
Cafe Society Malta,Live Music / Bars,Medium,Not Contacted,Facebook/Instagram,,,,https://www.google.com/search?q=Cafe%20Society%20Malta%20Malta%20contact,https://www.instagram.com/explore/search/keyword/?q=Cafe%20Society%20Malta%20Malta%20Instagram,,,Bar/events,https://www.google.com/search?q=+malta,https://www.google.com/search?q=+malta
Bridge Bar Valletta,Live Music / Bars,Medium,Not Contacted,Facebook/Instagram,,,,https://www.google.com/search?q=Bridge%20Bar%20Valletta%20Malta%20contact,https://www.instagram.com/explore/search/keyword/?q=Bridge%20Bar%20Valletta%20Malta%20Instagram,,,Jazz/live music,https://www.google.com/search?q=+malta,https://www.google.com/search?q=+malta
The Splendid Valletta,Live Music / Bars,Medium,Not Contacted,Instagram/Facebook,,,,https://www.google.com/search?q=The%20Splendid%20Valletta%20Malta%20contact,https://www.instagram.com/explore/search/keyword/?q=The%20Splendid%20Valletta%20Malta%20Instagram,,,Arts/music events,https://www.google.com/search?q=+malta,https://www.google.com/search?q=+malta
The Beer Cave Malta,Live Music / Bars,Medium,Not Contacted,Facebook/Instagram,,,,https://www.google.com/search?q=The%20Beer%20Cave%20Malta%20Malta%20contact,https://www.instagram.com/explore/search/keyword/?q=The%20Beer%20Cave%20Malta%20Malta%20Instagram,,,Bar/events,https://www.google.com/search?q=+malta,https://www.google.com/search?q=+malta
Isle of MTV Malta,Seasonal / Big Events,High,Not Contacted,Website/Instagram,,,,https://www.google.com/search?q=Isle%20of%20MTV%20Malta%20Malta%20contact,https://www.instagram.com/explore/search/keyword/?q=Isle%20of%20MTV%20Malta%20Malta%20Instagram,,,Major concert,https://www.google.com/search?q=+malta,https://www.google.com/search?q=+malta
Malta Jazz Festival,Seasonal / Big Events,High,Not Contacted,Website/Facebook,,,,https://www.google.com/search?q=Malta%20Jazz%20Festival%20Malta%20contact,https://www.instagram.com/explore/search/keyword/?q=Malta%20Jazz%20Festival%20Malta%20Instagram,,,Major festival,https://www.google.com/search?q=+malta,https://www.google.com/search?q=+malta
Earth Garden Festival,Seasonal / Big Events,High,Not Contacted,Website/Instagram,,,,https://www.google.com/search?q=Earth%20Garden%20Festival%20Malta%20contact,https://www.instagram.com/explore/search/keyword/?q=Earth%20Garden%20Festival%20Malta%20Instagram,,,Major festival,https://www.google.com/search?q=+malta,https://www.google.com/search?q=+malta
SummerDaze Malta,Seasonal / Big Events,High,Not Contacted,Website/Instagram,,,,https://www.google.com/search?q=SummerDaze%20Malta%20Malta%20contact,https://www.instagram.com/explore/search/keyword/?q=SummerDaze%20Malta%20Malta%20Instagram,,,Major music event,https://www.google.com/search?q=+malta,https://www.google.com/search?q=+malta
Carnival Malta,Seasonal / Big Events,High,Not Contacted,Website/Facebook,,,,https://www.google.com/search?q=Carnival%20Malta%20Malta%20contact,https://www.instagram.com/explore/search/keyword/?q=Carnival%20Malta%20Malta%20Instagram,,,Annual festival,https://www.google.com/search?q=+malta,https://www.google.com/search?q=+malta
Rolex Middle Sea Race,Seasonal / Big Events,Medium,Not Contacted,Website/Facebook,,,,https://www.google.com/search?q=Rolex%20Middle%20Sea%20Race%20Malta%20contact,https://www.instagram.com/explore/search/keyword/?q=Rolex%20Middle%20Sea%20Race%20Malta%20Instagram,,,Sports/tourism event,https://www.google.com/search?q=+malta,https://www.google.com/search?q=+malta
Fairyland Malta,Seasonal / Big Events,High,Not Contacted,Website/Facebook,,,,https://www.google.com/search?q=Fairyland%20Malta%20Malta%20contact,https://www.instagram.com/explore/search/keyword/?q=Fairyland%20Malta%20Malta%20Instagram,,,Christmas/family event,https://www.google.com/search?q=+malta,https://www.google.com/search?q=+malta
Malta International Fireworks Festival,Seasonal / Big Events,High,Not Contacted,Website/Facebook,,,,https://www.google.com/search?q=Malta%20International%20Fireworks%20Festival%20Malta%20contact,https://www.instagram.com/explore/search/keyword/?q=Malta%20International%20Fireworks%20Festival%20Malta%20Instagram,,,Annual festival,https://www.google.com/search?q=+malta,https://www.google.com/search?q=+malta
Malta Book Festival,Seasonal / Big Events,Medium,Not Contacted,Website/Facebook,,,,https://www.google.com/search?q=Malta%20Book%20Festival%20Malta%20contact,https://www.instagram.com/explore/search/keyword/?q=Malta%20Book%20Festival%20Malta%20Instagram,,,Cultural event,https://www.google.com/search?q=+malta,https://www.google.com/search?q=+malta
Science in the City Malta,Seasonal / Big Events,Medium,Not Contacted,Website/Facebook,,,,https://www.google.com/search?q=Science%20in%20the%20City%20Malta%20Malta%20contact,https://www.instagram.com/explore/search/keyword/?q=Science%20in%20the%20City%20Malta%20Malta%20Instagram,,,Science/culture festival,https://www.google.com/search?q=+malta,https://www.google.com/search?q=+malta
Valletta Local Council,Local Council,Medium,Not Contacted,Website/Facebook,,,,https://www.google.com/search?q=Valletta%20Local%20Council%20Malta%20contact,https://www.instagram.com/explore/search/keyword/?q=Valletta%20Local%20Council%20Malta%20Instagram,,,Local events,https://www.google.com/search?q=+malta,https://www.google.com/search?q=+malta
Sliema Local Council,Local Council,Medium,Not Contacted,Website/Facebook,,,,https://www.google.com/search?q=Sliema%20Local%20Council%20Malta%20contact,https://www.instagram.com/explore/search/keyword/?q=Sliema%20Local%20Council%20Malta%20Instagram,,,Local events,https://www.google.com/search?q=+malta,https://www.google.com/search?q=+malta
St Julian's Local Council,Local Council,Medium,Not Contacted,Website/Facebook,,,,https://www.google.com/search?q=St%20Julian%27s%20Local%20Council%20Malta%20contact,https://www.instagram.com/explore/search/keyword/?q=St%20Julian%27s%20Local%20Council%20Malta%20Instagram,,,Local events,https://www.google.com/search?q=+malta,https://www.google.com/search?q=+malta
Mosta Local Council,Local Council,Medium,Not Contacted,Website/Facebook,,,,https://www.google.com/search?q=Mosta%20Local%20Council%20Malta%20contact,https://www.instagram.com/explore/search/keyword/?q=Mosta%20Local%20Council%20Malta%20Instagram,,,Local events,https://www.google.com/search?q=+malta,https://www.google.com/search?q=+malta
Rabat Local Council,Local Council,Medium,Not Contacted,Website/Facebook,,,,https://www.google.com/search?q=Rabat%20Local%20Council%20Malta%20contact,https://www.instagram.com/explore/search/keyword/?q=Rabat%20Local%20Council%20Malta%20Instagram,,,Local events,https://www.google.com/search?q=+malta,https://www.google.com/search?q=+malta
Mdina Local Council,Local Council,Medium,Not Contacted,Website/Facebook,,,,https://www.google.com/search?q=Mdina%20Local%20Council%20Malta%20contact,https://www.instagram.com/explore/search/keyword/?q=Mdina%20Local%20Council%20Malta%20Instagram,,,Local events,https://www.google.com/search?q=+malta,https://www.google.com/search?q=+malta
Marsaskala Local Council,Local Council,Medium,Not Contacted,Website/Facebook,,,,https://www.google.com/search?q=Marsaskala%20Local%20Council%20Malta%20contact,https://www.instagram.com/explore/search/keyword/?q=Marsaskala%20Local%20Council%20Malta%20Instagram,,,Local events,https://www.google.com/search?q=+malta,https://www.google.com/search?q=+malta
Birgu Local Council,Local Council,Medium,Not Contacted,Website/Facebook,,,,https://www.google.com/search?q=Birgu%20Local%20Council%20Malta%20contact,https://www.instagram.com/explore/search/keyword/?q=Birgu%20Local%20Council%20Malta%20Instagram,,,Local events,https://www.google.com/search?q=+malta,https://www.google.com/search?q=+malta
Gozo Ministry Events,Government / Gozo,High,Not Contacted,Website/Facebook,,,,https://www.google.com/search?q=Gozo%20Ministry%20Events%20Malta%20contact,https://www.instagram.com/explore/search/keyword/?q=Gozo%20Ministry%20Events%20Malta%20Instagram,,,Gozo events,https://www.google.com/search?q=+malta,https://www.google.com/search?q=+malta
VisitMalta Events,Directory / Source,High,Not Contacted,Website,https://www.visitmalta.com/en/events-in-malta-and-gozo/,,,https://www.google.com/search?q=VisitMalta%20Events%20Malta%20contact,https://www.instagram.com/explore/search/keyword/?q=VisitMalta%20Events%20Malta%20Instagram,,,Source for discovering official events,https://www.google.com/search?q=+malta,https://www.google.com/search?q=+malta
Festivals Malta,Government / Culture,High,Not Contacted,Website,https://www.festivals.mt/,,,https://www.google.com/search?q=Festivals%20Malta%20Malta%20contact,https://www.instagram.com/explore/search/keyword/?q=Festivals%20Malta%20Malta%20Instagram,,,Official government festival body,https://www.google.com/search?q=+malta,https://www.google.com/search?q=+malta
Malta Tourism Authority Events,Directory / Source,High,Not Contacted,Website,https://mta.com.mt/events/,,,https://www.google.com/search?q=Malta%20Tourism%20Authority%20Events%20Malta%20contact,https://www.instagram.com/explore/search/keyword/?q=Malta%20Tourism%20Authority%20Events%20Malta%20Instagram,,,Official events/source,https://www.google.com/search?q=+malta,https://www.google.com/search?q=+malta
